ID,Producto,H1 Titular - Portada,Subtitular  - Portada,CTA - Portada,H2 Titular - Why,Texto -Why,H2 Titular - Beneficios,Texto - Beneficios,H2 Titular - How,Texto - How,H2 - CTA,Texto - CTA,CTA - CTA
1,Cenefas,Cenefas en Guatemala: El Toque Decorativo Perfecto para tus Ventanas,"¿Quieres elevar el estilo de tus habitaciones y darle un acabado premium a tus cortinas? Nuestras cenefas hechas a la medida son el accesorio ideal para transformar cualquier espacio, ocultar los detalles de instalación superiores y aportar una elegancia inigualable a tu hogar.",Cotizar por WhatsApp (Medidas Personalizadas),¿Por qué elegir nuestras Cenefas Decorativas?,"Si sientes que a tus ventanas les falta algo para verse completamente sofisticadas, o si te molesta ver los tubos, rieles y mecanismos superiores de tus cortinas, las cenefas personalizadas son la solución perfecta. Diseñadas principalmente con un propósito estético y decorativo, actúan como el marco ideal que unifica el diseño de tus habitaciones.

Además de su alto valor estético, nuestras cenefas cumplen una excelente función práctica: bloquean la filtración de luz que suele colarse entre el techo y la parte superior de la ventana. Es el complemento perfecto para lograr una mayor opacidad en dormitorios o salas de televisión en Guatemala, combinando a la perfección el diseño interior con la funcionalidad.",Beneficios de las Cenefas para Cortinas,"📐 Diseño 100% Personalizado: Fabricamos cada pieza a la medida exacta de tus ventanas. Utilizamos una sólida estructura base de madera forrada con telas de alta calidad para garantizar un acabado recto, firme y elegante.

✨ Estilo y Alta Decoración: Olvídate de los rieles o mecanismos visibles. Este accesorio estiliza la caída de tus cortinas y aporta un aspecto lujoso y ordenado a cualquier habitación.

🚫 Bloqueo de Luz Superior: Al cubrir el espacio vacío entre la ventana y el techo, ayudan a frenar los rayos de sol molestos, mejorando el control de claridad en tus ambientes.

🎨 Muestrario Exclusivo: Contamos con una amplia variedad de texturas, colores y acabados textiles. Puedes combinarlas perfectamente con el mismo tejido de tus cortinas actuales o crear un contraste único.

🛠️ Estructura Fija y Duradera: Al ser un elemento decorativo fijo y sin mecanismos complejos o eléctricos, no sufre por el desgaste del uso diario, manteniéndose impecable a través del tiempo.",¿Cómo solicitar tu cotización en 3 pasos?,"Queremos que el proceso sea rápido, seguro y sin errores. Solo debes seguir estos sencillos pasos desde la comodidad de tu casa:

Mide tus ventanas: Toma una foto de tu ventana y apunta el ancho y alto aproximado del espacio que deseas cubrir.

Elige tu estilo: Define si buscas una tela que combine exactamente con tus cortinas o si prefieres un acabado textil diferente.

Escríbenos por WhatsApp: Envíanos las fotos y medidas. En poco tiempo recibirás tu presupuesto personalizado junto con la asesoría para la entrega e instalación en un plazo de dos semanas y con garantía de por vida por defectos de fábrica.",¿Listo para transformar tus espacios?,Envíanos un mensaje hoy mismo. Te asesoramos sin compromiso para elegir la mejor opción de cortinas para tu hogar.,Chatear con un Asesor de Ventas
2,Cojines,Cojines Personalizados en Guatemala: El Toque Decorativo a la Medida Perfecta,"Diseñamos y fabricamos tus cojines a la medida exacta con la tela perfecta para combinar con tus cortinas y muebles. Dale a tus ambientes un aspecto renovado, elegante y 100% adaptado a tu estilo único.",Cotizar por WhatsApp (Medidas Personalizadas),¿Por qué elegir nuestros Cojines Personalizados?,"Es fácil encontrar opciones genéricas en el mercado, pero cuando buscas que tu sala, dormitorio o terraza luzca impecable, los detalles importan. El principal problema de los productos comerciales es que no combinan con el color exacto de tus paredes, el tapiz de tus muebles o el diseño de tus cortinas. Nuestros cojines a la medida resuelven esto por completo, convirtiéndose en el complemento decorativo estrella para unificar el diseño interior de tu hogar.

En Cortina Studio sabemos que la clave de una decoración de revista está en la armonía de los textiles. Por eso, te ofrecemos la libertad de elegir el tamaño exacto sin restricciones, seleccionar texturas de nuestro catálogo exclusivo o incluso traer tu propia tela. Confeccionamos piezas únicas que no solo elevan la estética de tus espacios, sino que aportan esa sensación de calidez y personalización que un hogar guatemalteco merece.",Beneficios de los Cojines a la Medida,"📐 Dimensiones 100% Personalizadas: Nos adaptamos por completo a tus requerimientos. Ya sea que necesites un tamaño estándar o medidas especiales para un sofá o banca, fabricamos el cojín al centímetro exacto.

🎨 Combinación Estilística Perfecta: Logra una armonía visual única utilizando el mismo muestrario de telas de tus cortinas o persianas, evitando contrastes extraños o parches en tu decoración.

🧵 Flexibilidad Total de Materiales: Tienes el control absoluto del diseño. Puedes seleccionar los textiles de nuestro muestrario premium o, si ya cuentas con un material específico, puedes traer tu propia tela para que nosotros la confeccionemos.

🧼 Fácil Mantenimiento: Cada pieza cuenta con un sistema de cierre de cremallera (zipper) de alta calidad, lo que facilita retirar la funda de forma rápida para lavarla o darle mantenimiento sin complicaciones.

✨ Acabados de Alta Costura: Cuidamos minuciosamente cada costura para entregarte un producto resistente y duradero que mantenga su estética impecable a pesar del uso diario.",¿Cómo solicitar tu cotización en 3 pasos?,"Olvídate de las complicaciones y los miedos a equivocarte. Diseñar tus complementos textiles con nosotros es un proceso ultra sencillo:

Mide tus espacios o cojines actuales: Toma las medidas aproximadas (ancho, alto y profundidad si aplica) del área donde los colocarás o de un cojín que ya te guste.

Elige tu estilo de tela: Decide si deseas elegir un tejido de nuestro muestrario exclusivo para combinar con tus cortinas o si prefieres aportar tu propia tela.

Escríbenos por WhatsApp: Envíanos tus medidas e ideas. Te enviaremos un presupuesto personalizado y en tan solo dos semanas tendrás tus productos listos, respaldados por nuestra garantía de por vida por defectos de fábrica.",¿Listo para transformar tus espacios?,Envíanos un mensaje hoy mismo. Te asesoramos sin compromiso para elegir la mejor opción de cortinas para tu hogar.,Chatear con un Asesor de Ventas
3,Ojetes,Cortinas Con Ojetes en Guatemala: Elegancia y Funcionalidad para tus Tubos Decorativos,"Confeccionamos tus cortinas con ojetes a la medida exacta, logrando un deslizamiento suave y un diseño moderno. La solución perfecta para lucir tus bolillos de hierro o madera con un estilo impecable y contemporáneo.",Cotizar por WhatsApp (Medidas Personalizadas),¿Por qué elegir nuestras Cortinas Con Ojetes?,"Cuando decides renovar tus habitaciones y deseas incorporar un tubo decorativo o bolillo, te encuentras con el dilema de cómo colgar tus telas para que luzcan ordenadas y se muevan con facilidad. Las cortinas tradicionales a veces ocultan el diseño del tubo o se traban al abrirlas. Nuestras cortinas con ojetes personalizados resuelven este problema combinando una alta categoría de necesidad decorativa y funcional, permitiendo que la cortina corra de forma fluida y autónoma a lo largo de toda la estructura.

En el mercado de Guatemala, las cortinas con ojetes (esos anillos o círculos estilizados que van incrustados directamente en la parte superior de la tela) son la opción favorita para quienes buscan un ambiente limpio, ordenado y con ondas perfectas. Ya sea que ya tengas instalado un tubo de hierro, madera o aluminio en casa, o estés planeando colocar uno nuevo, este sistema se adapta con total autonomía para modernizar tus espacios y aportar una caída visualmente atractiva y sofisticada.",Beneficios de las Cortinas Con Ojetes,"🛠️ Deslizamiento Suave y Autónomo: Los aros integrados garantizan que la tela corra de manera fluida y sin atascos sobre el tubo, facilitando el control diario de la luz y brindándote máxima funcionalidad.

✨ Estilo Moderno y Ondas Perfectas: Al ir insertados directamente en la tela, los ojetes crean pliegues uniformes y simétricos de forma natural, elevando el valor decorativo de cualquier sala o habitación.

🪵 Compatibilidad Universal con Bolillos: Este sistema está diseñado específicamente para lucir tubos decorativos. Puedes utilizarlas en barras de madera, hierro o metal, sin importar dónde las hayas adquirido.

🔍 Materiales de Alta Durabilidad: Fabricamos los ojetes con materiales plásticos técnicos de alta resistencia. Esto evita la oxidación, reduce el ruido al deslizarse y protege tus tubos decorativos de rayones.

📐 Confección a la Medida Exacta: Ajustamos el tamaño de la cortina y el diámetro del ojete al grosor específico de tu bolillo, eliminando el riesgo de que la cortina quede muy ajustada o arrastrando en el piso.",¿Cómo solicitar tu cotización en 3 pasos?,"Queremos que el proceso sea sumamente sencillo y que dejes atrás el miedo a equivocarte con las dimensiones de tus ventanas:

Mide tus ventanas: Toma el ancho y el alto aproximado de tu ventana (y si ya tienes un tubo decorativo instalado, indícanos a qué altura se encuentra).

Elige tu estilo: Selecciona el tejido, color o nivel de privacidad que deseas de nuestro amplio muestrario de telas para tus cortinas.

Escríbenos por WhatsApp: Envíanos tus datos para recibir un presupuesto personalizado. Tu pedido estará listo e instalado en tan solo dos semanas, respaldado por nuestra garantía de por vida por defectos de fábrica.",¿Listo para transformar tus espacios?,Envíanos un mensaje hoy mismo. Te asesoramos sin compromiso para elegir la mejor opción de cortinas para tu hogar.,Chatear con un Asesor de Ventas
4,Enrollables Día y Noche,Cortinas Enrollables Día y Noche en Guatemala: Control Total de Luz y Privacidad Absoluta,El sistema doble definitivo que combina el filtrado solar Screen con la oscuridad total del Blackout en una sola ventana. Fabrica tus cortinas a la medida exacta para modernizar tus habitaciones y dominar el clima de tu hogar.,Cotizar por WhatsApp (Medidas Personalizadas),¿Por qué elegir nuestras Cortinas Enrollables Día y Noche?,"Encontrar el equilibrio perfecto entre iluminación y descanso en un dormitorio o sala de televisión suele ser un reto constante. Si instalas únicamente una tela delgada, el calor del sol de Guatemala y los reflejos molestos arruinarán tus tardes; pero si colocas un tejido totalmente oscuro, te verás obligado a vivir en la penumbra durante el día o a perder por completo tu intimidad. Las cortinas enrollables día y noche (también conocidas como sistemas dobles) solucionan esta frustración combinando dos lienzos independientes en el mismo espacio.

Este sistema es el verdadero ""caballo de batalla"" de la alta decoración funcional. Integra una cortina de tejido Screen, ideal para las áreas sociales o las mañanas, que actúa como un escudo térmico de alto rendimiento que rechaza el calor y filtra los rayos UV sin quitarte la luz natural. Detrás, incorpora una cortina Blackout 100% opaca que bloquea por completo la luz de los postes exteriores o la claridad del amanecer. Es la inversión inteligente para quienes no quieren sacrificar absolutamente nada: control del clima, diseño minimalista y versatilidad total a cualquier hora.",Beneficios de las Cortinas Enrollables Día y Noche,"☀️ Protección Térmica y Filtro Solar (Screen): El lienzo microperforado se encarga del rechazo de calor y elimina los reflejos molestos en pantallas, manteniendo tus ambientes frescos y protegiendo tus muebles de los efectos del sol.

💤 Oscuridad Absoluta a la Orden (Blackout): Fabricadas con un material opaco de máxima calidad que garantiza un bloqueo del 100% de la luz en el centro de la tela, proporcionando el ambiente idóneo en dormitorios para un descanso profundo.

🛡️ Privacidad Inteligente en Dos Niveles: Durante el día, el Screen te permite ver hacia afuera manteniendo el interior oculto. Por la noche, al bajar el Blackout, consigues una privacidad del 100% para cambiarte o descansar con total tranquilidad.

🧼 Libres de Mantenimiento Complejo: Los tejidos técnicos utilizados están diseñados para un alto tránsito. No requieren mantenimiento preventivo forzado ni costoso; basta con una limpieza superficial a demanda para conservarlas impecables.

📱 Automatización y Conectividad Smart: Si buscas el máximo confort, ofrecemos opciones de motorización avanzada. Puedes controlar tus cortinas enrollables mediante el smartphone o integrarlas a sistemas inteligentes para el hogar.",¿Cómo solicitar tu cotización en 3 pasos?,"Queremos que transformes tus ventanas con total confianza y sin temor a equivocarte con las dimensiones:

Mide tus ventanas: Toma nota del ancho y alto aproximado de tus ventanas (si te es posible, captura una fotografía del espacio).

Elige tu configuración: Selecciona los colores de tus tejidos Screen y Blackout dentro de nuestro amplio muestrario, y define si prefieres el sistema manual o motorizado.

Escríbenos por WhatsApp: Envíanos las medidas y fotos. Recibirás tu presupuesto personalizado de inmediato. Tu orden se entregará instalada en solo dos semanas y con garantía de por vida por defectos de fábrica.",¿Listo para transformar tus espacios?,Envíanos un mensaje hoy mismo. Te asesoramos sin compromiso para elegir la mejor opción de cortinas para tu hogar.,Chatear con un Asesor de Ventas
5,Enrollables,Cortinas Enrollables en Guatemala: Innovación en Control Solar y Privacidad Total,Fabricamos tus cortinas enrollables a la medida exacta con telas tecnológicas de alta gama que transforman tus ventanas. Disfruta de la solución definitiva para reducir el calor y modernizar el diseño de tus espacios residenciales o de oficina.,Cotizar por WhatsApp (Medidas Personalizadas),¿Por qué elegir nuestras Cortinas Enrollables?,"Cuando el sol pega directo por la ventana en Guatemala, las habitaciones se vuelven increíblemente calurosas, el reflejo en las pantallas resulta molesto y tus muebles sufren el desgaste de los rayos UV. Las cortinas enrollables solucionan este problema de raíz gracias a su diseño funcional de un solo lienzo que se despliega verticalmente de manera limpia y compacta. Es el auténtico ""caballo de batalla"" de nuestra línea, siendo la opción más vendida tanto para oficinas como para hogares y propiedades de alquiler que buscan la máxima eficiencia sin complicaciones estorbosas.

Nuestras telas se adaptan a tus categorías de necesidad específicas de Calor y Privacidad. Contamos con la tela Screen, un filtro solar microperforado premium ideal para áreas sociales y de trabajo, ya que rechaza el calor y los rayos del sol permitiendo el paso de luz natural sin que te vean desde afuera durante el día. Por otro lado, si tu problema es la luz de un poste exterior o la luna llena en un dormitorio, nuestra tela Blackout te ofrece una oscuridad del 100% en el centro del lienzo para garantizar un descanso profundo. Además, si lo deseas, podemos fabricar un sistema doble para que disfrutes de ambos beneficios en la misma ventana.",Beneficios de las Cortinas Enrollables,"☀️ Filtro Térmico Inteligente (Tela Screen): Gracias a su tejido técnico entrelazado, actúa como un potente filtro solar que frena el calor y elimina el reflejo, manteniendo tus ambientes frescos y confortables.

💤 Oscuridad y Descanso Absoluto (Tela Blackout): El lienzo opaco bloquea por completo la penetración de luz exterior, siendo la alternativa recomendada para dormitorios donde se requiere un control de luz total para dormir.

🧼 Mantenimiento Libre y Reparación Económica: Son materiales sumamente duraderos que no requieren un programa de mantenimiento preventivo forzado; basta con una limpieza superficial a demanda y, si alguna pieza se daña, las reparaciones son sumamente económicas.

🔒 Privacidad Adaptada al Espacio: El material Screen te otorga un 100% de privacidad en el día mientras disfrutas de la vista exterior. Para resguardo total en la noche al encender las luces o al cambiarte, el Blackout sella por completo la visibilidad.

📱 Motorización Inteligente Opcional: Olvídate de los cordones si así lo prefieres; automatizamos tus cortinas con sistemas motorizados modernos y compatibles con smartphones para operarlas con un solo toque.",¿Cómo solicitar tu cotización en 3 pasos?,"Queremos eliminar cualquier temor a equivocarte con el tamaño de tus ventanas mediante un proceso rápido, transparente y guiado:

Mide tus ventanas: Toma nota del ancho y alto aproximado de tus ventanas y captura una fotografía de los espacios.

Elige tu estilo: Elige entre el muestrario de telas Screen (filtro solar) o Blackout (oscuridad total), o solicita nuestro vanguardista sistema doble.

Escríbenos por WhatsApp: Envíanos tus medidas iniciales. Te daremos un presupuesto personalizado y en un plazo de dos semanas realizaremos la entrega, respaldada por nuestra garantía de por vida por defectos de fábrica.",¿Listo para transformar tus espacios?,Envíanos un mensaje hoy mismo. Te asesoramos sin compromiso para elegir la mejor opción de cortinas para tu hogar.,Chatear con un Asesor de Ventas
6,Pliegue Francés,Cortinas de Pliegue Francés en Guatemala: Elegancia Tradicional y Máxima Altura para tus Ambientes,Fabricamos tus cortinas de pliegue francés a la medida exacta para transformar tus salas o habitaciones con un diseño sofisticado de caída impecable. La solución ideal para maximizar la altura de tus techos y optimizar el espacio de tus ventanas con un estilo exclusivo.,Cotizar por WhatsApp (Medidas Personalizadas),¿Por qué elegir nuestras Cortinas Pliegue Francés?,"Cuando buscas vestir tus ventanas con un toque de distinción, los sistemas modernos o genéricos a veces se quedan cortos en transmitir esa calidez y majestuosidad que deseas para tu hogar. Si estás diseñando una sala formal o un dormitorio de huéspedes y buscas cortinas elegantes en Guatemala, el sistema de pliegue francés es el estándar de oro. Su confección tradicional agrupa el tejido en elegantes paletones superiores en forma de acordeón, logrando un planchado muy recto y una vista extraordinariamente ordenada que estiliza los ambientes de inmediato.

Este diseño responde perfectamente a las categorías de necesidad decorativa y de optimización de espacio. Al mantener el bulto de la tela perfectamente junto y perfilado, es la opción ideal para habitaciones que cuentan con poco espacio lateral o áreas reducidas después del marco de la ventana, donde otros sistemas más bromosos toparían con la pared. Además, visualmente genera un efecto óptico que hace que tus paredes se vean más altas, asociando tus estancias con el lujo clásico y la arquitectura residencial más refinada del país.",Beneficios de las Cortinas Pliegue Francés,"🏛️ Elegancia y Altura Visual: Su confección tradicional y caída en líneas perfectamente rectas ayuda a maximizar la altura percibida del techo, logrando que cualquier sala o habitación luzca más imponente y lujosa.

📐 Optimización de Espacios Reducidos: El diseño inteligente de su paletón superior permite que la tela se recoja de forma compacta y tallada, siendo el sistema ideal cuando hay poco espacio a los lados de la ventana.

🧵 Variedad de Telas Personalizables: Nos adaptamos a tu gusto y necesidades de privacidad. Podemos fabricarlas en tejidos ligeros y translúcidos, telas pesadas y gruesas, o incorporar forros especiales para un bloqueo de luz superior.

🪄 Sistema Hotelero Sin Cordonería: Implementamos el moderno sistema de riel hotelero que se acciona mediante un elegante bastón. Al eliminar las pitas tradicionales, consigues un diseño más limpio, seguro para niños y que reduce el mantenimiento.

🧼 Servicio de Lavado Profesional: Para mantener su caída perfecta y la frescura de los tejidos, se recomienda un mantenimiento anual. En Cortina Studio respaldamos tu inversión ofreciéndote nuestro propio servicio especializado de limpieza.",¿Cómo solicitar tu cotización en 3 pasos?,"Queremos que el proceso de vestir tus ventanas sea una experiencia placentera, eliminando el miedo a cometer errores con las dimensiones:

Mide tus ventanas: Toma el ancho y alto aproximado de tu ventana (puedes apoyarte tomándole una fotografía al espacio completo).

Elige tu tejido y sistema: Selecciona el tipo de tela de nuestro catálogo (delgada, gruesa o Blackout) y define si prefieres el riel estándar con cordel o el riel hotelero con bastón.

Escríbenos por WhatsApp: Envíanos tus datos y fotos. Te daremos un presupuesto personalizado. Tendrás tus cortinas listas e instaladas en un plazo de dos semanas, con el respaldo de nuestra garantía de por vida por defectos de fábrica.",¿Listo para transformar tus espacios?,Envíanos un mensaje hoy mismo. Te asesoramos sin compromiso para elegir la mejor opción de cortinas para tu hogar.,Chatear con un Asesor de Ventas
7,Ripplefold,Cortinas Ripplefold en Guatemala: Modernidad y Onda Perfecta para tus Ventanas,"El sistema de cortinas en tendencia absoluta, diseñado para quienes buscan una estética minimalista de curvas perfectas. Combina la calidez de la tela tradicional con un mecanismo moderno que transforma y estiliza tus espacios de inmediato.",Cotizar por WhatsApp (Medidas Personalizadas),¿Por qué elegir nuestras Cortinas Ripplefold?,"Si estás buscando el secreto detrás de las casas y apartamentos de revista en Guatemala, el sistema Ripplefold (también conocido por profesionales como onda perfecta) es la respuesta. A diferencia de las cortinas tradicionales con pliegues o paletones muy marcados que saturan la vista, el Ripplefold crea ondas continuas, suaves y simétricas. Es el diseño favorito de arquitectos e interioristas debido a su capacidad para resolver de forma simultánea la necesidad decorativa de vanguardia y el control de luz de una manera limpia y libre de ruidos visuales.

Su estructura es una mezcla magistral: conserva la elegancia y calidez textil de una cortina clásica, pero con un comportamiento completamente moderno y minimalista gracias a que no tiene costuras frontales rígidas. Es la solución ideal para vestir salas principales, comedores o dormitorios donde deseas privacidad o un bloqueo eficiente del sol —ya que se puede confeccionar con tejidos Blackout ligeros— sin sacrificar la ligereza visual. Con el Ripplefold, tu hogar proyectará un diseño fluido, ordenado y alineado con las últimas tendencias globales de arquitectura interior.",Beneficios de las Cortinas Ripplefold,"📐 Ondas Perfectas y Simétricas: El sistema utiliza un juego de correderas plásticas internas que mantienen la distancia exacta entre cada onda, garantizando que la cortina se vea impecable tanto abierta como cerrada.

✨ Diseño Minimalista en Tendencia: Al eliminar los paletones pesados, genera un impacto visual mucho más sutil y limpio, convirtiéndose en el estilo de cortina moderna más solicitado en la actualidad.

🦾 Riel Hotelero de Alta Durabilidad: Funciona de forma exclusiva sobre un riel técnico de aluminio que se acciona mediante un práctico bastoncillo. Al eliminar las pitas y cordeles tradicionales, se reduce el desgaste a cero y no requiere mantenimiento complejo.

🎨 Compatibilidad con Telas Ligeras y Blackout: Aunque es ideal para textiles ligeros que realzan el movimiento de la curva, el sistema permite confeccionarse con materiales Blackout fluidos si tu objetivo principal es eliminar el ingreso de luz en tus habitaciones.

🧼 Limpieza Profesional a tu Alcance: Para que tus cortinas mantengan esa caída premium y el tejido luzca impecable frente al polvo, se recomienda un lavado anual que puedes delegar por completo en el equipo experto de Cortina Studio.",¿Cómo solicitar tu cotización en 3 pasos?,"Consigue la estética sofisticada que buscas para tus ambientes con un proceso ultra sencillo y sin complicaciones:

Mide tus ventanas: Toma las dimensiones aproximadas de ancho y alto del área de tu ventana y captura una fotografía del espacio.

Elige tu tejido: Elige el color y el nivel de opacidad (telas ligeras o Blackout fluidos) de nuestro muestrario personalizado para lograr la caída ideal.

Escríbenos por WhatsApp: Envíanos tus datos y fotos. Te cotizamos a la medida exacta y en un plazo de dos semanas realizamos la entrega e instalación, con el respaldo de nuestra garantía de por vida por defectos de fábrica.",¿Listo para transformar tus espacios?,Envíanos un mensaje hoy mismo. Te asesoramos sin compromiso para elegir la mejor opción de cortinas para tu hogar.,Chatear con un Asesor de Ventas
8,Calor,Cortinas Enrollables en Guatemala: La Solución Definitiva contra el Calor y el Sol Directo,Fabricamos tus cortinas enrollables a la medida exacta para frenar el impacto del sol de la tarde y reducir la temperatura de tus habitaciones. Moderniza tus ventanas y protege tus espacios con un sistema de alta eficiencia térmica.,Cotizar por WhatsApp (Medidas Personalizadas),¿Por qué elegir nuestras Cortinas Enrollables?,"Si vives o trabajas en la Ciudad de Guatemala, sabes perfectamente lo sofocante que se vuelve el ambiente cuando el sol pega directo por la ventana, especialmente si tu propiedad tiene orientación hacia el oeste con vista a los volcanes. Muchos clientes nos contactan frustrados con quejas comunes: habitaciones que parecen un horno en las tardes, muebles y pisos de madera que se decoloran por los rayos UV, pantallas con reflejos insoportables que no dejan ver la televisión o trabajar en la computadora, e incluso comercios y farmacias donde el calor amenaza con arruinar sus productos. Comprar un aire acondicionado no sirve de nada si no detienes el sol directamente en el vidrio; bloquear el impacto solar desde la ventana es mucho más eficiente y genera un gran ahorro de energía.

Nuestras cortinas enrollables para el sol actúan como el analgésico perfecto para esta problemática de Calor, Privacidad y Protección. Diseñadas bajo un concepto minimalista de un solo lienzo que se recoge verticalmente, son el sistema estrella para combatir el clima de la región. Si eres de los que no quiere vivir en una cueva a oscuras, te ofrecemos la línea Screen, un tejido tecnológico que funciona como filtro solar absorbiendo el impacto térmico sin quitarle iluminación natural a tu sala. Y si buscas un aislamiento total para dormitorios o salas de proyección, la opción Blackout erradica la luz por completo. Con nuestras enrollables, recuperas el control de tu hogar y dejas de sufrir por el clima exterior.",Beneficios de las Cortinas Enrollables,"☀️ Protección Certificada del 95% Contra Rayos UV: Su escudo técnico bloquea la radiación dañina, impidiendo que tus sofás, pisos de madera o mercancías pierdan su color original y protegiendo la salud de tu familia.

🌡️ Reducción del Calor y Ahorro Energético: Al detener la radiación solar antes de que caliente la habitación, mantienes una temperatura ambiente agradable de forma natural, reduciendo drásticamente el uso y el gasto del aire acondicionado.

🖥️ Eliminación Total de Reflejos: Difumina por completo los destellos solares molestos en las pantallas de televisión, monitores de computadora y dispositivos móviles, permitiéndote trabajar o entretenerte sin forzar la vista.

🧼 Uso Rudo y Libre de Mantenimiento: Fabricadas con materiales de alta resistencia, son ideales para hogares, oficinas o propiedades de alquiler en Guatemala. No requieren mantenimiento preventivo forzado y su limpieza superficial es sumamente fácil.

📐 Confección a la Medida y Opción Doble: Cada pieza se corta al centímetro exacto de tu ventana para evitar filtraciones de luz. Además, si deseas luz de día y oscuridad de noche, podemos adaptarte un sistema doble (Screen + Blackout).",¿Cómo solicitar tu cotización en 3 pasos?,"Queremos que soluciones el problema del calor de forma inmediata. Nuestro proceso está diseñado para eliminar cualquier temor a equivocarte:

Mide tus ventanas: Toma el ancho y alto aproximado del marco de tu ventana y captura una foto del espacio (especialmente si recibes el sol fuerte de la tarde).

Elige tu nivel de protección: Decide si prefieres la tela Screen para filtrar el calor manteniendo la vista, o la tela Blackout para una oscuridad y privacidad total.

Escríbenos por WhatsApp: Envíanos las fotos y medidas aproximadas. Recibirás una asesoría gratis y un presupuesto personalizado. Tu pedido se instalará en solo dos semanas con garantía de por vida por defectos de fábrica.",¿Listo para transformar tus espacios?,Envíanos un mensaje hoy mismo. Te asesoramos sin compromiso para elegir la mejor opción de cortinas para tu hogar.,Chatear con un Asesor de Ventas
9,Privacidad,Cortinas para Privacidad en Guatemala: Soluciones a la Medida para que No Te Vean desde la Calle,Protege tu hogar y tu intimidad de la vista de los vecinos y las nuevas construcciones aledañas. Fabricamos tus cortinas y películas a la medida exacta para resguardar tus espacios sin necesidad de vivir a oscuras.,Cotizar por WhatsApp (Medidas Personalizadas),¿Por qué elegir nuestras Cortinas de Alta Privacidad?,"En los últimos años, el crecimiento vertical en Guatemala ha provocado que muchos hogares pierdan por completo su intimidad. Es una verdadera incomodidad sentir que los vecinos de la torre de apartamentos de al lado, o los albañiles de una nueva construcción, pueden verte dentro de tu propia casa. Ya sea porque deseas cambiarte en tu dormitorio con tranquilidad, ver la televisión sin que nadie sepa qué estás sintonizando, u ocultar la ropa tendida en el patio de servicio, la falta de privacidad se convierte en un problema diario que afecta tu tranquilidad y la de tu familia.

Para solucionar esto, entendemos que la clave no es un mecanismo específico, sino elegir la tela o el material adecuado según la hora del día y el área de tu casa. En salas y comedores, donde deseas protección pero no quieres vivir en una cueva, la solución ideal es una tela tipo lino, que bloquea las miradas del exterior sin sacrificar la iluminación natural. Para dormitorios que exigen resguardo absoluto, la tela Blackout garantiza privacidad del 100% tanto de día como de noche. Además, si buscas mantener la visibilidad total hacia el exterior pero con un efecto espejo hacia adentro, complementamos tus ventanas con películas de control solar, la alternativa perfecta para fachadas expuestas.",Beneficios de nuestras Soluciones de Privacidad,"🔒 Telas Tipo Lino para Áreas Sociales: Una alternativa perfecta que no es tan ligera como un velo ni tan pesada como un cobertor, diseñada para maximizar la privacidad diurna en tu sala sin perder luz natural.

💤 Bloqueo Total con Tejidos Blackout: La opción definitiva para dormitorios y espacios personales que asegura privacidad del 100% de día y de noche, impidiendo cualquier silueta o sombra hacia el exterior al encender las luces.

🪞 Películas de Control Solar Tipo Espejo: Adherimos películas técnicas directamente sobre el vidrio de tus ventanas. Logran un efecto espejo hacia afuera para que nadie te vea, mientras tú conservas la vista completa del exterior.

📐 Confección e Instalación a la Medida: Evaluamos la orientación de tus ventanas y la cercanía de los edificios vecinos para fabricar un sistema hermético, eliminando cualquier espacio o rendija por donde se pueda filtrar la vista.

🛡️ Garantía y Materiales de Alta Calidad: Todas nuestras opciones textiles y películas protectoras cuentan con materiales resistentes que no se degradan con el sol de Guatemala, respaldados por una garantía de por vida contra defectos de fábrica.",¿Cómo solicitar tu cotización en 3 pasos?,"Recupera la tranquilidad en tus ambientes de forma rápida, guiada y sin temor a equivocarte con los tamaños:

Mide tus ventanas: Toma el ancho y alto aproximado de tus ventanas y captura una foto desde el interior donde se note la construcción o calle que deseas bloquear.

Elige tu nivel de resguardo: Define si necesitas telas tipo lino para mantener la claridad, Blackout para oscuridad total, o películas espejo para tus vidrios.

Escríbenos por WhatsApp: Envíanos tus medidas e imágenes. Te brindaremos un presupuesto personalizado y en un plazo de dos semanas realizaremos la entrega e instalación de tu sistema de privacidad.",¿Listo para transformar tus espacios?,Envíanos un mensaje hoy mismo. Te asesoramos sin compromiso para elegir la mejor opción de cortinas para tu hogar.,Chatear con un Asesor de Ventas
10,Acustica ,Cortinas Acústicas en Guatemala: Reducción de Ruido Exterior y Aislamiento Térmico,"Fabricamos tus cortinas termoacústicas a la medida exacta con textiles pesados de alta densidad que absorben el estruendo y frenan el frío. Protege la salud de tus hijos, elimina el eco y moderniza tus habitaciones con un descanso garantizado.",Cotizar por WhatsApp (Medidas Personalizadas),¿Por qué elegir nuestras Cortinas Térmicas y Acústicas?,"Vivir cerca de una avenida principal en Guatemala, lidiar con el ruido constante del tráfico o sufrir por vecinos molestos puede arruinar por completo tu calidad de vida. Muchos clientes acuden a nosotros desesperados porque no pueden trabajar desde casa, sus hijos se despiertan sobresaltados en las noches o no logran concentrarse para estudiar. A esto se le suma el problema de las casas demasiado frías durante las épocas de viento; ese aire helado que se cuela por las ventanas genera tos, alergias y constantes enfermedades respiratorias en la familia. Si estás buscando cómo aislar el ruido exterior y proteger tu hogar de las bajas temperaturas, las cortinas genéricas o los sistemas plásticos planos no te servirán, ya que el sonido simplemente rebota en ellos.

Nuestras cortinas responden directamente a tus categorías de necesidad acústica y térmica a través de una cuidada selección de textiles de alto gramaje. Queremos ser muy honestos contigo y manejar tus expectativas con total transparencia: ninguna cortina del mundo insonoriza al 100% (para un aislamiento total es necesario cambiar los vidrios), pero nuestro sistema logra reducir el estruendo exterior en un 20%, eliminando los picos molestos de volumen y estabilizando el ruido ambiente. Donde nuestras cortinas hacen una magia espectacular es en la absorción del eco y la reverberación, rompiendo las ondas sonoras gracias a la riqueza de sus pliegues. Al mismo tiempo, actúan como una barrera física pesada que frena las corrientes de aire helado, manteniendo tus dormitorios cálidos y protegiendo la salud de los que más quieres.",Beneficios de las Cortinas Acústicas y Térmicas,"🧵 Telas Pesadas de Alta Densidad: Confeccionamos estas piezas con textiles gruesos y de gran gramaje que actúan como un verdadero escudo protector contra las inclemencias del clima y la contaminación auditiva.

🤫 Absorción de Ondas y Eliminación del Eco: Gracias a los pliegues profundos de nuestros sistemas recomendados, la onda de sonido se rompe al golpear el tejido, mitigando el molesto eco interior de las habitaciones.

🧣 Barrera Térmica Contra el Frío: Su grosor e instalación sellada detienen las corrientes de viento y el aire helado que se filtra por los vidrios, manteniendo una temperatura confortable para evitar alergias y resfriados.

🏛️ Confección en Sistemas Especializados: Para asegurar la máxima absorción, recomendamos la fabricación en estilos tradicionales como el Pliegue Francés o sistemas con ondas profundas, ya que las persianas planas o plásticas no retienen el sonido.

📐 Diseño a la Medida Sin Filtraciones: Estudiamos las dimensiones exactas de tu ventana para que la cortina cubra perfectamente el marco, impidiendo que el frío o las ondas sonoras encuentren espacios libres para ingresar.",¿Cómo solicitar tu cotización en 3 pasos?,"Recuperar el silencio y el calor en tu hogar es un proceso sumamente sencillo. Olvídate del miedo a equivocarte y sigue estos pasos:

Mide tus ventanas: Toma el ancho y alto aproximado del marco de tu ventana y captura una fotografía de tu habitación para evaluar el espacio.

Elige tu configuración: Elige los colores de nuestro catálogo de telas pesadas termoacústicas y selecciona el sistema de confección que mejor se adapte a tu decoración.

Escríbenos por WhatsApp: Envíanos tus medidas preliminares. Te daremos una asesoría experta y un presupuesto a la medida. Tu pedido estará listo e instalado en dos semanas, respaldado por nuestra garantía de por vida por defectos de fábrica.",¿Listo para transformar tus espacios?,Envíanos un mensaje hoy mismo. Te asesoramos sin compromiso para elegir la mejor opción de cortinas para tu hogar.,Chatear con un Asesor de Ventas
11,Decorativo,Cortinas Modernas en Guatemala: Diseño Personalizado y Tendencias de Alta Decoración,Transforma tus ventanas con el estilo aspiracional que siempre has deseado para tu hogar. Creamos tus cortinas a la medida exacta con asesoría en diseño de ambientes para modernizar cada espacio con elegancia.,Cotizar por WhatsApp (Medidas Personalizadas),¿Por qué elegir nuestras Cortinas de Diseño Decorativo?,"Cuando buscas que tu casa refleje estatus, buen gusto y exclusividad, las opciones genéricas del mercado simplemente no son suficientes. Seguro has visto ambientes espectaculares en Pinterest o en casas de tus vecinos y deseas replicar esa misma sensación de lujo y armonía en tus habitaciones. El verdadero problema no es solo cubrir una ventana, sino saber elegir entre cortinas modernas, tradicionales o minimalistas que combinen a la perfección con la arquitectura y el mobiliario de tu hogar.

En Cortina Studio entendemos que el enfoque decorativo de alta gama requiere de una absoluta personalización. No vendemos telas por metro; creamos soluciones visuales que se adaptan a las tendencias actuales de diseño interior en Guatemala. Ya sea que busques la pureza de líneas de un estilo minimalista o la imponente sofisticación de una confección clásica, la clave está en los detalles de las texturas, estampados y colores que seleccionamos para tu espacio. Olvídate de adivinar qué se verá bien: nos encargamos de que tus ventanas se conviertan en el centro de atención de todas tus visitas.",Beneficios de nuestras Cortinas de Diseño Personalizado,"✨ Asesoría en Diseño de Ambientes Gratis: No tienes que elegir a ciegas. Nuestro equipo experto visita tu espacio para analizar la iluminación y el entorno, guiándote hacia la tendencia perfecta que mejor le convenga a tu hogar.

🎨 Muestrario Exclusivo de Alta Costura: Accede a una amplia gama de telas finas, texturas innovadoras, estampados de vanguardia y los colores de temporada para lograr ese acabado premium y aspiracional.

🛋️ Variedad de Estilos a la Medida: Confeccionamos e instalamos el sistema exacto que buscas; desde el impecable y vanguardista Ripplefold para acabados modernos, el sofisticado Pliegue Francés para ambientes tradicionales, hasta sistemas enrollables para conceptos minimalistas.

📐 Ajuste y Confección 100% Personalizada: Cada cortina se fabrica desde cero y al centímetro exacto de tus ventanas, garantizando una caída simétrica, limpia y estéticamente perfecta.

🦾 Sistemas Funcionales de Última Generación: Combinamos la belleza textil con la tecnología más reciente, ofreciéndote desde rieles hoteleros de suave deslizamiento con bastón hasta opciones avanzadas de motorización.",¿Cómo solicitar tu cotización en 3 pasos?,"Llevar el diseño de tus sueños de la pantalla a tu realidad es sumamente sencillo gracias a nuestro proceso sin complicaciones:

Mide tus ventanas: Toma las medidas aproximadas de ancho y alto de tus ventanas y captura fotos del ambiente que deseas decorar.

Agenda tu visita de asesoría: Elige tu estilo ideal (tradicional, moderno o minimalista) durante la comunicación con nuestro equipo de diseño.

Escríbenos por WhatsApp: Envíanos tus datos para coordinar la visita técnica. Recibirás tu presupuesto a la medida y en un plazo de dos semanas realizaremos la entrega e instalación con garantía de por vida por defectos de fábrica.",¿Listo para transformar tus espacios?,Envíanos un mensaje hoy mismo. Te asesoramos sin compromiso para elegir la mejor opción de cortinas para tu hogar.,Chatear con un Asesor de Ventas
12,Mantenimiento y Reparaciones,Mantenimiento y Reparaciones en Guatemala: Alarga la Vida Útil de tus Cortinas y Persinas,"Ofrecemos un servicio técnico especializado a la medida para lavar, reparar y adaptar tus cortinas actuales. Soluciona cualquier fallo mecánico, elimina la suciedad y moderniza el funcionamiento de tus espacios sin gastar de más.",Cotizar por WhatsApp (Medidas Personalizadas),¿Por qué elegir nuestro Servicio de Mantenimiento y Reparaciones?,"Con el paso del tiempo, es completamente normal que los rieles dejen de correr suavemente, las cadenas se revienten, los accesorios plásticos se quiebren o la tela comience a acumular polvo y humedad. Muchos clientes en Guatemala se sienten frustrados cuando piensan que su única opción es desechar una persiana costosa porque se quedó trabada o se descolgó de un lado. Nuestro servicio responde directamente a las categorías de necesidad funcional, de ahorro y de renovación, brindándote una solución técnica experta directamente en tu domicilio para que no tengas que invertir en sistemas nuevos.

En Cortina Studio cuidamos tu inversión mediante un completo catálogo de soporte técnico. Ya sea que necesites un mantenimiento preventivo para darle más durabilidad a los tejidos, una reparación correctiva de piezas dañadas, un lavado profesional profundo (ideal para remover el lodo o el hongo en cortinas de exterior) o incluso si te estás mudando y necesitas un traslado y readaptación de cortinas para tu nuevo apartamento o casa, nosotros nos encargamos. Ajustamos y modificamos tus sistemas actuales para dejarlos impecables, funcionales y como nuevos.",Beneficios del Servicio de Mantenimiento y Reparaciones,"🛠️ Reparación Mecánica Inmediata: Cambiamos cadenas reventadas, uniones rotas, poleas desgastadas o soportes flojos, devolviéndole la autonomía y suavidad de movimiento a tus persianas.

🧼 Lavado Profundo Termo-Acondicionado: Removemos manchas severas, polvo acumulado, lodo e incluso capas de hongo provocadas por la humedad en cortinas de interior y exterior, recuperando el color y la higiene del tejido.

📦 Servicio Especializado de Traslado: Si te cambias de casa o de oficina en Guatemala, desmontamos tus estructuras con cuidado, las transportamos de forma segura y realizamos la nueva instalación en tu nuevo inmueble.

✂️ Modificación y Readaptación a la Medida: Si tus cortinas anteriores no encajan en las ventanas de tu nuevo hogar, modificamos el ancho o el alto de los lienzos y perfiles para ajustarlos milimétricamente al nuevo espacio.

⏳ Mantenimiento Preventivo de Larga Duración: Aplicamos lubricación técnica en rieles y protectores textiles especiales que aumentan la durabilidad de los materiales, evitando gastos futuros en sustituciones completas.",¿Cómo solicitar tu cotización en 3 pasos?,"Recibir asistencia técnica profesional para tus cortinas es un proceso ultra sencillo y libre de complicaciones:

Identifica el problema o toma medidas: Haz una fotografía del daño (cadena rota, riel trabado, tela sucia) o apunta las medidas aproximadas si deseas una modificación de tamaño.

Elige el servicio técnico que necesitas: Selecciona entre lavado profundo, reparación de accesorios mecánicos, mantenimiento preventivo o traslado residencial.

Escríbenos por WhatsApp: Envíanos las imágenes y detalles de tu requerimiento. Te daremos un presupuesto personalizado y agendaremos la visita de nuestros técnicos para resolver tu problema en pocos días.",¿Listo para transformar tus espacios?,Envíanos un mensaje hoy mismo. Te asesoramos sin compromiso para elegir la mejor opción de cortinas para tu hogar.,Chatear con un Asesor de Ventas