Páginas principales;Clics;Impresiones;CTR;Posición
https://cortinastudio.com.gt/product/cenefas-habitacion-principal/;40;16447;0.24%;2.02
https://cortinastudio.com.gt/;457;12295;3.72%;9.55
https://cortinastudio.com.gt/product/cenefas/;81;7221;1.12%;6.9
http://cortinastudio.com.gt/;110;5657;1.94%;4.88
https://cortinastudio.com.gt/product-category/pliegue-frances/;85;4044;2.10%;5.87
https://cortinastudio.com.gt/product-category/ripplefold/;240;3894;6.16%;4.29
https://cortinastudio.com.gt/product/cenefas-de-sala-2/;5;2784;0.18%;3
https://cortinastudio.com.gt/product/ripplefold-9/;34;2180;1.56%;3.97
http://cortinastudio.com.gt/product-category/enrollable-dia-y-noche/;60;1925;3.12%;8.46
https://cortinastudio.com.gt/product/blanca-de-pliegue-frances-en-dormitorio/;6;1858;0.32%;10.78
https://cortinastudio.com.gt/product/enrollable-dia-y-noche-3/;6;1532;0.39%;25.77
https://cortinastudio.com.gt/product/cafe-de-pliegue-frances-en-habitacion/;1;1360;0.07%;9.66
https://cortinastudio.com.gt/product/enrollable-dia-y-noche/;9;1260;0.71%;21.25
https://cortinastudio.com.gt/product-category/con-ojetes/;12;783;1.53%;3.23
https://cortinastudio.com.gt/contacto/;26;774;3.36%;4.6
http://cortinastudio.com.gt/shop/;10;642;1.56%;5.47
https://cortinastudio.com.gt/product/enrollables-13/;8;368;2.17%;7.32
https://cortinastudio.com.gt/product/beige-con-ojetes-en-sala/;3;327;0.92%;2.22
https://cortinastudio.com.gt/product-category/enrollables/;6;314;1.91%;8.7
https://cortinastudio.com.gt/product-category/cenerfas/;6;304;1.97%;6.37
https://cortinastudio.com.gt/about/;2;291;0.69%;4.74
http://cortinastudio.com.gt/product-category/con-ojetes/;7;270;2.59%;5.29
https://cortinastudio.com.gt/cotizador/;6;223;2.69%;3.82
http://cortinastudio.com.gt/product-category/cenerfas/?add-to-cart=599;1;222;0.45%;4.85
http://cortinastudio.com.gt/product-category/pliegue-frances/;4;209;1.91%;9.19
http://cortinastudio.com.gt/product-category/cenerfas/;1;199;0.50%;11.71
https://cortinastudio.com.gt/blog/como-deben-quedar-tus-cortinas-cuando-son-hechas-a-la-medida/;1;179;0.56%;18.06
https://cortinastudio.com.gt/product/gris-con-ojetes-en-estudio/;1;127;0.79%;7.39
http://cortinastudio.com.gt/product-category/ripplefold/;10;125;8%;4.93
https://cortinastudio.com.gt/product/enrollables-7/;3;117;2.56%;9.52
https://cortinastudio.com.gt/product-category/con-argollas/;1;104;0.96%;8.9
https://cortinastudio.com.gt/product-category/romana/;2;102;1.96%;5.29
https://cortinastudio.com.gt/product/ripplefold-11/;1;94;1.06%;8.43
https://cortinastudio.com.gt/product/ripplefold-3/;1;87;1.15%;10.62
https://cortinastudio.com.gt/product/enrollables/;3;75;4%;8.32
https://cortinastudio.com.gt/product/ripplefold-8/;1;53;1.89%;8.74
https://cortinastudio.com.gt/shop/?add-to-cart=634;1;45;2.22%;3.71
https://cortinastudio.com.gt/product/enrollables-14/;2;41;4.88%;7.46
https://cortinastudio.com.gt/product/ripplefold-7/;1;37;2.70%;9.86
https://cortinastudio.com.gt/evercompare/;1;35;2.86%;7.97
https://cortinastudio.com.gt/product-category/edredones-y-duve/;2;22;9.09%;11.41
https://cortinastudio.com.gt/product-category/con-ojetes/?add-to-cart=644;1;22;4.55%;3.59
https://cortinastudio.com.gt/product/gris-con-ojetes-en-dormitorio/;1;19;5.26%;14.42
https://cortinastudio.com.gt/product/enrollable-dia-y-noche-10/;1;18;5.56%;12.67
https://cortinastudio.com.gt/shop/?add-to-cart=627;1;16;6.25%;1.81
https://cortinastudio.com.gt/productos/acustica;3;15;20%;12
http://cortinastudio.com.gt/product-category/cojines/?add-to-cart=613;1;15;6.67%;7.47
https://webmail.cortinastudio.com.gt/;2;12;16.67%;29.33
https://cortinastudio.com.gt/product/enrollables-8/;1;12;8.33%;10.42
https://cortinastudio.com.gt/shop/?add-to-cart=624&product-page=4;1;9;11.11%;22.22
https://cortinastudio.com.gt/product/blanca-de-pliegue-frances-en-sala-2/;1;7;14.29%;27.86
https://cortinastudio.com.gt/product/amarilla-de-pliegue-frances-en-sala/;1;7;14.29%;41.29
http://cortinastudio.com.gt/product-category/cenerfas/?add-to-cart=600;1;6;16.67%;9.83
https://cortinastudio.com.gt/product/cojines-y-fundas-4/;1;6;16.67%;34.67
https://cortinastudio.com.gt/product/blanca-de-pliegue-frances-en-bano-2/;1;6;16.67%;51.17
https://cortinastudio.com.gt/product/cojines-y-fundas-5/;2;5;40%;42.8
https://cortinastudio.com.gt/product/enrollables-4/;1;5;20%;29.6
https://cortinastudio.com.gt/product/cojines-y-fundas-7/;1;4;25%;50.5
https://cortinastudio.com.gt/product-category/con-ojetes/?add-to-cart=648;1;2;50%;3
http://cortinastudio.com.gt/shop/?product-page=3;1;2;50%;59
;;;;
;;;;
;;;;
;;;;
;;;;
;;;;
;;;;
;;;;
;;;;
;;;;
;;;;
;;;;
;;;;
;;;;
;;;;
;;;;
;;;;
;;;;
;;;;
;;;;
;;;;
;;;;
;;;;
;;;;
;;;;
;;;;
;;;;
;;;;
;;;;
;;;;
;;;;
;;;;
;;;;
;;;;
;;;;
;;;;
;;;;
;;;;
;;;;
;;;;
;;;;
;;;;
;;;;
;;;;
;;;;
;;;;
;;;;
;;;;
;;;;
;;;;
;;;;
;;;;
;;;;
;;;;
;;;;
;;;;
;;;;
;;;;
;;;;
;;;;
;;;;
;;;;
;;;;
;;;;
;;;;
;;;;
;;;;
;;;;
;;;;
;;;;
;;;;
;;;;
;;;;
;;;;
;;;;
;;;;
;;;;
;;;;
;;;;
;;;;
;;;;
;;;;
;;;;
;;;;
;;;;
;;;;
;;;;
;;;;
;;;;
;;;;
;;;;
;;;;
;;;;
;;;;
;;;;
;;;;
;;;;
;;;;
;;;;
;;;;
;;;;
;;;;
;;;;
;;;;
;;;;
;;;;
;;;;
;;;;
;;;;
;;;;
;;;;
;;;;
;;;;
;;;;
;;;;
;;;;
;;;;
;;;;
;;;;
;;;;
;;;;
;;;;
;;;;
;;;;
;;;;
;;;;
;;;;
;;;;
;;;;
;;;;
;;;;
;;;;
;;;;
;;;;
;;;;
;;;;
;;;;
;;;;
;;;;
;;;;
;;;;
;;;;
;;;;
;;;;
;;;;
;;;;
;;;;
